district_code,state_name,district_name_2016,district_name_2017_onwards,canonical_name,notes
602,Andaman And Nicobar Islands,South Andamans,South Andamans,South Andamans,
603,Andaman And Nicobar Islands,Nicobars,Nicobars,Nicobars,
632,Andaman And Nicobar Islands,North And Middle Andaman,North And Middle Andaman,North And Middle Andaman,
502,Andhra Pradesh,Anantapur,Anantapur,Anantapur,
503,Andhra Pradesh,Chittoor,Chittoor,Chittoor,
504,Andhra Pradesh,Y.S.R.,Y.S.R.,Y.S.R.,
505,Andhra Pradesh,East Godavari,East Godavari,East Godavari,
506,Andhra Pradesh,Guntur,Guntur,Guntur,
510,Andhra Pradesh,Krishna,Krishna,Krishna,
511,Andhra Pradesh,Kurnool,Kurnool,Kurnool,
515,Andhra Pradesh,Spsr Nellore,Spsr Nellore,Spsr Nellore,
517,Andhra Pradesh,Prakasam,Prakasam,Prakasam,
519,Andhra Pradesh,Srikakulam,Srikakulam,Srikakulam,
520,Andhra Pradesh,Visakhapatanam,Visakhapatanam,Visakhapatanam,
521,Andhra Pradesh,Vizianagaram,Vizianagaram,Vizianagaram,
523,Andhra Pradesh,West Godavari,West Godavari,West Godavari,
749,Andhra Pradesh,Ntr,Ntr,Ntr,
752,Andhra Pradesh,Tirupati,Tirupati,Tirupati,
753,Andhra Pradesh,,Annamayya,Annamayya,"new district code, only appears 2017 onwards"
754,Andhra Pradesh,,Sri Sathya Sai,Sri Sathya Sai,"new district code, only appears 2017 onwards"
755,Andhra Pradesh,,Nandyal,Nandyal,"new district code, only appears 2017 onwards"
756,Andhra Pradesh,,Tamulpur,Tamulpur,"new district code, only appears 2017 onwards"
759,Andhra Pradesh,,Khairgarh Chhuikhadan Gandai,Khairgarh Chhuikhadan Gandai,"new district code, only appears 2017 onwards"
760,Andhra Pradesh,,Manendragarh Chirimiri Bharatpur,Manendragarh Chirimiri Bharatpur,"new district code, only appears 2017 onwards"
761,Andhra Pradesh,,Mohla Manpur Ambagarh Chouki,Mohla Manpur Ambagarh Chouki,"new district code, only appears 2017 onwards"
762,Andhra Pradesh,,Sakti,Sakti,"new district code, only appears 2017 onwards"
763,Andhra Pradesh,,Sarangarh Bilaigarh,Sarangarh Bilaigarh,"new district code, only appears 2017 onwards"
770,Andhra Pradesh,,Khairthal-Tijara,Khairthal-Tijara,"new district code, only appears 2017 onwards"
229,Arunachal Pradesh,Changlang,Changlang,Changlang,
230,Arunachal Pradesh,Dibang Valley,Dibang Valley,Dibang Valley,
231,Arunachal Pradesh,East Kameng,East Kameng,East Kameng,
232,Arunachal Pradesh,East Siang,East Siang,East Siang,
233,Arunachal Pradesh,Kurung Kumey,Kurung Kumey,Kurung Kumey,
234,Arunachal Pradesh,Lohit,Lohit,Lohit,
235,Arunachal Pradesh,Lower Dibang Valley,Lower Dibang Valley,Lower Dibang Valley,
236,Arunachal Pradesh,Lower Subansiri,Lower Subansiri,Lower Subansiri,
237,Arunachal Pradesh,Papum Pare,Papum Pare,Papum Pare,
238,Arunachal Pradesh,Tawang,Tawang,Tawang,
239,Arunachal Pradesh,Tirap,Tirap,Tirap,
240,Arunachal Pradesh,Upper Siang,Upper Siang,Upper Siang,
241,Arunachal Pradesh,Upper Subansiri,Upper Subansiri,Upper Subansiri,
242,Arunachal Pradesh,West Kameng,West Kameng,West Kameng,
243,Arunachal Pradesh,West Siang,West Siang,West Siang,
628,Arunachal Pradesh,Anjaw,Anjaw,Anjaw,
666,Arunachal Pradesh,Longding,Longding,Longding,
678,Arunachal Pradesh,Namsai,Namsai,Namsai,
679,Arunachal Pradesh,Siang,Siang,Siang,
681,Arunachal Pradesh,,Jagitial,Jagitial,"new district code, only appears 2017 onwards"
682,Arunachal Pradesh,,Peddapalli,Peddapalli,"new district code, only appears 2017 onwards"
683,Arunachal Pradesh,,Rajanna Sircilla,Rajanna Sircilla,"new district code, only appears 2017 onwards"
726,Arunachal Pradesh,,Hnahthial,Hnahthial,"new district code, only appears 2017 onwards"
727,Arunachal Pradesh,,Saitual,Saitual,"new district code, only appears 2017 onwards"
731,Arunachal Pradesh,,Ranipet,Ranipet,"new district code, only appears 2017 onwards"
732,Arunachal Pradesh,,Tirupathur,Tirupathur,"new district code, only appears 2017 onwards"
733,Arunachal Pradesh,,Tenkasi,Tenkasi,"new district code, only appears 2017 onwards"
280,Assam,Barpeta,Barpeta,Barpeta,
281,Assam,Bongaigaon,Bongaigaon,Bongaigaon,
282,Assam,Cachar,Cachar,Cachar,
283,Assam,Darrang,Darrang,Darrang,
284,Assam,Dhemaji,Dhemaji,Dhemaji,
285,Assam,Dhubri,Dhubri,Dhubri,
286,Assam,Dibrugarh,Dibrugarh,Dibrugarh,
287,Assam,Goalpara,Goalpara,Goalpara,
288,Assam,Golaghat,Golaghat,Golaghat,
289,Assam,Hailakandi,Hailakandi,Hailakandi,
290,Assam,Jorhat,Jorhat,Jorhat,
291,Assam,Kamrup,Kamrup,Kamrup,
292,Assam,Karbi Anglong,Karbi Anglong,Karbi Anglong,
293,Assam,Karimganj,Karimganj,Karimganj,
294,Assam,Kokrajhar,Kokrajhar,Kokrajhar,
295,Assam,Lakhimpur,Lakhimpur,Lakhimpur,
296,Assam,Marigaon,Marigaon,Marigaon,
297,Assam,Nagaon,Nagaon,Nagaon,
298,Assam,Nalbari,Nalbari,Nalbari,
299,Assam,Dima Hasao,Dima Hasao,Dima Hasao,
300,Assam,Sivasagar,Sivasagar,Sivasagar,
301,Assam,Sonitpur,Sonitpur,Sonitpur,
302,Assam,Tinsukia,Tinsukia,Tinsukia,
612,Assam,Chirang,Chirang,Chirang,
616,Assam,Baksa,Baksa,Baksa,
617,Assam,Udalguri,Udalguri,Udalguri,
618,Assam,Kamrup Metro,Kamrup Metro,Kamrup Metro,
705,Assam,Biswanath,Biswanath,Biswanath,
706,Assam,Majuli,Majuli,Majuli,
707,Assam,South Salmara Mancachar,South Salmara Mancachar,South Salmara Mancachar,
708,Assam,Charaideo,Charaideo,Charaideo,
709,Assam,Hojai,Hojai,Hojai,
710,Assam,West Karbi Anglong,West Karbi Anglong,West Karbi Anglong,
713,Assam,,Jiribam,Jiribam,"new district code, only appears 2017 onwards"
714,Assam,,Noney,Noney,"new district code, only appears 2017 onwards"
715,Assam,,Pherzawl,Pherzawl,"new district code, only appears 2017 onwards"
716,Assam,,Tengnoupal,Tengnoupal,"new district code, only appears 2017 onwards"
717,Assam,,Kamjong,Kamjong,"new district code, only appears 2017 onwards"
718,Assam,,Kamle,Kamle,"new district code, only appears 2017 onwards"
188,Bihar,Araria,Araria,Araria,
189,Bihar,Aurangabad,Aurangabad,Aurangabad,
190,Bihar,Banka,Banka,Banka,
191,Bihar,Begusarai,Begusarai,Begusarai,
192,Bihar,Bhagalpur,Bhagalpur,Bhagalpur,
193,Bihar,Bhojpur,Bhojpur,Bhojpur,
194,Bihar,Buxar,Buxar,Buxar,
195,Bihar,Darbhanga,Darbhanga,Darbhanga,
196,Bihar,Gaya,Gaya,Gaya,
197,Bihar,Gopalganj,Gopalganj,Gopalganj,
198,Bihar,Jamui,Jamui,Jamui,
199,Bihar,Jehanabad,Jehanabad,Jehanabad,
200,Bihar,Kaimur (Bhabua),Kaimur (Bhabua),Kaimur (Bhabua),
201,Bihar,Katihar,Katihar,Katihar,
202,Bihar,Khagaria,Khagaria,Khagaria,
203,Bihar,Kishanganj,Kishanganj,Kishanganj,
204,Bihar,Lakhisarai,Lakhisarai,Lakhisarai,
205,Bihar,Madhepura,Madhepura,Madhepura,
206,Bihar,Madhubani,Madhubani,Madhubani,
207,Bihar,Munger,Munger,Munger,
208,Bihar,Muzaffarpur,Muzaffarpur,Muzaffarpur,
209,Bihar,Nalanda,Nalanda,Nalanda,
210,Bihar,Nawada,Nawada,Nawada,
211,Bihar,Pashchim Champaran,Pashchim Champaran,Pashchim Champaran,
212,Bihar,Patna,Patna,Patna,
213,Bihar,Purbi Champaran,Purbi Champaran,Purbi Champaran,
214,Bihar,Purnia,Purnia,Purnia,
215,Bihar,Rohtas,Rohtas,Rohtas,
216,Bihar,Saharsa,Saharsa,Saharsa,
217,Bihar,Samastipur,Samastipur,Samastipur,
218,Bihar,Saran,Saran,Saran,
219,Bihar,Sheikhpura,Sheikhpura,Sheikhpura,
220,Bihar,Sheohar,Sheohar,Sheohar,
221,Bihar,Sitamarhi,Sitamarhi,Sitamarhi,
222,Bihar,Siwan,Siwan,Siwan,
223,Bihar,Supaul,Supaul,Supaul,
224,Bihar,Vaishali,Vaishali,Vaishali,
611,Bihar,Arwal,Arwal,Arwal,
44,Chandigarh,Chandigarh,Chandigarh,Chandigarh,
374,Chhattisgarh,Bastar,Bastar,Bastar,
375,Chhattisgarh,Bilaspur,Bilaspur,Bilaspur,
376,Chhattisgarh,Dantewada,Dakshin Bastar Dantewada,Dakshin Bastar Dantewada,name spelling changed between eras
377,Chhattisgarh,Dhamtari,Dhamtari,Dhamtari,
378,Chhattisgarh,Durg,Durg,Durg,
379,Chhattisgarh,Janjgir-Champa,Janjgir-Champa,Janjgir-Champa,
380,Chhattisgarh,Jashpur,Jashpur,Jashpur,
381,Chhattisgarh,Kanker,Uttar Bastar Kanker,Uttar Bastar Kanker,name spelling changed between eras
382,Chhattisgarh,Kabirdham,Kabeerdham,Kabeerdham,name spelling changed between eras
383,Chhattisgarh,Korba,Korba,Korba,
384,Chhattisgarh,Korea,Korea,Korea,
385,Chhattisgarh,Mahasamund,Mahasamund,Mahasamund,
386,Chhattisgarh,Raigarh,Raigarh,Raigarh,
387,Chhattisgarh,Raipur,Raipur,Raipur,
388,Chhattisgarh,Rajnandgaon,Rajnandgaon,Rajnandgaon,
389,Chhattisgarh,Surguja,Surguja,Surguja,
636,Chhattisgarh,Bijapur,Bijapur,Bijapur,
637,Chhattisgarh,Narayanpur,Narayanpur,Narayanpur,
642,Chhattisgarh,Sukma,Sukma,Sukma,
643,Chhattisgarh,Kondagaon,Kondagaon,Kondagaon,
644,Chhattisgarh,Baloda Bazar,Baloda Bazar,Baloda Bazar,
645,Chhattisgarh,Gariyaband,Gariyaband,Gariyaband,
646,Chhattisgarh,Balod,Balod,Balod,
647,Chhattisgarh,Mungeli,Mungeli,Mungeli,
648,Chhattisgarh,Surajpur,Surajpur,Surajpur,
649,Chhattisgarh,Balrampur,Balrampur Ramanujganj,Balrampur Ramanujganj,name spelling changed between eras
650,Chhattisgarh,Bemetara,Bemetara,Bemetara,
744,Chhattisgarh,,Anakapalli,Anakapalli,"new district code, only appears 2017 onwards"
77,Delhi,Central,Central,Central,
78,Delhi,East,East,East,
79,Delhi,New Delhi,New Delhi,New Delhi,
80,Delhi,North,North,North,
81,Delhi,North East,North East,North East,
82,Delhi,North West,North West,North West,
83,Delhi,South,South,South,
84,Delhi,South West,South West,South West,
85,Delhi,West,West,West,
670,Delhi,South East,South East,South East,
551,Goa,North Goa,North Goa,North Goa,
552,Goa,South Goa,South Goa,South Goa,
438,Gujarat,Ahmadabad,Ahmadabad,Ahmadabad,
439,Gujarat,Amreli,Amreli,Amreli,
440,Gujarat,Anand,Anand,Anand,
441,Gujarat,Banas Kantha,Banas Kantha,Banas Kantha,
442,Gujarat,Bharuch,Bharuch,Bharuch,
443,Gujarat,Bhavnagar,Bhavnagar,Bhavnagar,
444,Gujarat,Dang,Dang,Dang,
445,Gujarat,Dohad,Dohad,Dohad,
446,Gujarat,Gandhinagar,Gandhinagar,Gandhinagar,
447,Gujarat,Jamnagar,Jamnagar,Jamnagar,
448,Gujarat,Junagadh,Junagadh,Junagadh,
449,Gujarat,Kachchh,Kachchh,Kachchh,
450,Gujarat,Kheda,Kheda,Kheda,
451,Gujarat,Mahesana,Mahesana,Mahesana,
452,Gujarat,Narmada,Narmada,Narmada,
453,Gujarat,Navsari,Navsari,Navsari,
454,Gujarat,Panch Mahals,Panch Mahals,Panch Mahals,
455,Gujarat,Patan,Patan,Patan,
456,Gujarat,Porbandar,Porbandar,Porbandar,
457,Gujarat,Rajkot,Rajkot,Rajkot,
458,Gujarat,Sabar Kantha,Sabar Kantha,Sabar Kantha,
459,Gujarat,Surat,Surat,Surat,
460,Gujarat,Surendranagar,Surendranagar,Surendranagar,
461,Gujarat,Vadodara,Vadodara,Vadodara,
462,Gujarat,Valsad,Valsad,Valsad,
641,Gujarat,Tapi,Tapi,Tapi,
668,Gujarat,Chhotaudepur,Chhotaudepur,Chhotaudepur,
669,Gujarat,Mahisagar,Mahisagar,Mahisagar,
672,Gujarat,Arvalli,Arvalli,Arvalli,
673,Gujarat,Morbi,Morbi,Morbi,
674,Gujarat,Devbhumi Dwarka,Devbhumi Dwarka,Devbhumi Dwarka,
675,Gujarat,Gir Somnath,Gir Somnath,Gir Somnath,
676,Gujarat,Botad,Botad,Botad,
677,Gujarat,,Kra Daadi,Kra Daadi,"new district code, only appears 2017 onwards"
680,Gujarat,,Nirmal,Nirmal,"new district code, only appears 2017 onwards"
58,Haryana,Ambala,Ambala,Ambala,
59,Haryana,Bhiwani,Bhiwani,Bhiwani,
60,Haryana,Faridabad,Faridabad,Faridabad,
61,Haryana,Fatehabad,Fatehabad,Fatehabad,
62,Haryana,Gurugram,Gurugram,Gurugram,
63,Haryana,Hisar,Hisar,Hisar,
64,Haryana,Jhajjar,Jhajjar,Jhajjar,
65,Haryana,Jind,Jind,Jind,
66,Haryana,Kaithal,Kaithal,Kaithal,
67,Haryana,Karnal,Karnal,Karnal,
68,Haryana,Kurukshetra,Kurukshetra,Kurukshetra,
69,Haryana,Mahendragarh,Mahendragarh,Mahendragarh,
70,Haryana,Panchkula,Panchkula,Panchkula,
71,Haryana,Panipat,Panipat,Panipat,
72,Haryana,Rewari,Rewari,Rewari,
73,Haryana,Rohtak,Rohtak,Rohtak,
74,Haryana,Sirsa,Sirsa,Sirsa,
75,Haryana,Sonipat,Sonipat,Sonipat,
76,Haryana,Yamunanagar,Yamunanagar,Yamunanagar,
604,Haryana,Nuh,Nuh,Nuh,
619,Haryana,Palwal,Palwal,Palwal,
15,Himachal Pradesh,Bilaspur,Bilaspur,Bilaspur,
16,Himachal Pradesh,Chamba,Chamba,Chamba,
17,Himachal Pradesh,Hamirpur,Hamirpur,Hamirpur,
18,Himachal Pradesh,Kangra,Kangra,Kangra,
19,Himachal Pradesh,Kinnaur,Kinnaur,Kinnaur,
20,Himachal Pradesh,Kullu,Kullu,Kullu,
21,Himachal Pradesh,Lahul And Spiti,Lahul And Spiti,Lahul And Spiti,
22,Himachal Pradesh,Mandi,Mandi,Mandi,
23,Himachal Pradesh,Shimla,Shimla,Shimla,
24,Himachal Pradesh,Sirmaur,Sirmaur,Sirmaur,
25,Himachal Pradesh,Solan,Solan,Solan,
26,Himachal Pradesh,Una,Una,Una,
1,Jammu And Kashmir,Anantnag,Anantnag,Anantnag,
2,Jammu And Kashmir,Budgam,Budgam,Budgam,
3,Jammu And Kashmir,Baramulla,Baramulla,Baramulla,
4,Jammu And Kashmir,Doda,Doda,Doda,
5,Jammu And Kashmir,Jammu,Jammu,Jammu,
6,Jammu And Kashmir,Kargil,Kargil,Kargil,
7,Jammu And Kashmir,Kathua,Kathua,Kathua,
8,Jammu And Kashmir,Kupwara,Kupwara,Kupwara,
9,Jammu And Kashmir,Leh Ladakh,Leh Ladakh,Leh Ladakh,
10,Jammu And Kashmir,Poonch,Poonch,Poonch,
11,Jammu And Kashmir,Pulwama,Pulwama,Pulwama,
12,Jammu And Kashmir,Rajouri,Rajouri,Rajouri,
13,Jammu And Kashmir,Srinagar,Srinagar,Srinagar,
14,Jammu And Kashmir,Udhampur,Udhampur,Udhampur,
620,Jammu And Kashmir,Kishtwar,Kishtwar,Kishtwar,
621,Jammu And Kashmir,Ramban,Ramban,Ramban,
622,Jammu And Kashmir,Kulgam,Kulgam,Kulgam,
623,Jammu And Kashmir,Bandipora,Bandipora,Bandipora,
624,Jammu And Kashmir,Samba,Samba,Samba,
625,Jammu And Kashmir,Shopian,Shopian,Shopian,
626,Jammu And Kashmir,Ganderbal,Ganderbal,Ganderbal,
627,Jammu And Kashmir,Reasi,Reasi,Reasi,
322,Jharkhand,Bokaro,Bokaro,Bokaro,
323,Jharkhand,Chatra,Chatra,Chatra,
324,Jharkhand,Deoghar,Deoghar,Deoghar,
325,Jharkhand,Dhanbad,Dhanbad,Dhanbad,
326,Jharkhand,Dumka,Dumka,Dumka,
327,Jharkhand,East Singhbum,East Singhbum,East Singhbum,
328,Jharkhand,Garhwa,Garhwa,Garhwa,
329,Jharkhand,Giridih,Giridih,Giridih,
330,Jharkhand,Godda,Godda,Godda,
331,Jharkhand,Gumla,Gumla,Gumla,
332,Jharkhand,Hazaribagh,Hazaribagh,Hazaribagh,
333,Jharkhand,Jamtara,Jamtara,Jamtara,
334,Jharkhand,Koderma,Koderma,Koderma,
335,Jharkhand,Latehar,Latehar,Latehar,
336,Jharkhand,Lohardaga,Lohardaga,Lohardaga,
337,Jharkhand,Pakur,Pakur,Pakur,
338,Jharkhand,Palamu,Palamu,Palamu,
339,Jharkhand,Ranchi,Ranchi,Ranchi,
340,Jharkhand,Sahebganj,Sahebganj,Sahebganj,
341,Jharkhand,Saraikela Kharsawan,Saraikela Kharsawan,Saraikela Kharsawan,
342,Jharkhand,Simdega,Simdega,Simdega,
343,Jharkhand,West Singhbhum,West Singhbhum,West Singhbhum,
606,Jharkhand,Khunti,Khunti,Khunti,
607,Jharkhand,Ramgarh,Ramgarh,Ramgarh,
524,Karnataka,Bagalkote,Bagalkote,Bagalkote,
525,Karnataka,Bengaluru Urban,Bengaluru Urban,Bengaluru Urban,
527,Karnataka,Belagavi,Belagavi,Belagavi,
528,Karnataka,Ballari,Ballari,Ballari,
529,Karnataka,Bidar,Bidar,Bidar,
530,Karnataka,Vijayapura,Vijayapura,Vijayapura,
531,Karnataka,Chamarajanagara,Chamarajanagara,Chamarajanagara,
532,Karnataka,Chikkamagaluru,Chikkamagaluru,Chikkamagaluru,
533,Karnataka,Chitradurga,Chitradurga,Chitradurga,
534,Karnataka,Dakshina Kannada,Dakshina Kannada,Dakshina Kannada,
535,Karnataka,Davangere,Davangere,Davangere,
536,Karnataka,Dharwad,Dharwad,Dharwad,
537,Karnataka,Gadag,Gadag,Gadag,
538,Karnataka,Kalaburagi,Kalaburagi,Kalaburagi,
539,Karnataka,Hassan,Hassan,Hassan,
540,Karnataka,Haveri,Haveri,Haveri,
541,Karnataka,Kodagu,Kodagu,Kodagu,
542,Karnataka,Kolar,Kolar,Kolar,
543,Karnataka,Koppal,Koppal,Koppal,
544,Karnataka,Mandya,Mandya,Mandya,
545,Karnataka,Mysuru,Mysuru,Mysuru,
546,Karnataka,Raichur,Raichur,Raichur,
547,Karnataka,Shivamogga,Shivamogga,Shivamogga,
548,Karnataka,Tumakuru,Tumakuru,Tumakuru,
549,Karnataka,Udupi,Udupi,Udupi,
550,Karnataka,Uttara Kannada,Uttara Kannada,Uttara Kannada,
630,Karnataka,Chikkaballapura,Chikkaballapura,Chikkaballapura,
631,Karnataka,Ramanagara,Ramanagara,Ramanagara,
635,Karnataka,Yadgir,Yadgir,Yadgir,
748,Karnataka,,Eluru,Eluru,"new district code, only appears 2017 onwards"
554,Kerala,Alappuzha,Alappuzha,Alappuzha,
555,Kerala,Ernakulam,Ernakulam,Ernakulam,
556,Kerala,Idukki,Idukki,Idukki,
557,Kerala,Kannur,Kannur,Kannur,
558,Kerala,Kasaragod,Kasaragod,Kasaragod,
559,Kerala,Kollam,Kollam,Kollam,
560,Kerala,Kottayam,Kottayam,Kottayam,
561,Kerala,Kozhikode,Kozhikode,Kozhikode,
562,Kerala,Malappuram,Malappuram,Malappuram,
563,Kerala,Palakkad,Palakkad,Palakkad,
564,Kerala,Pathanamthitta,Pathanamthitta,Pathanamthitta,
565,Kerala,Thiruvananthapuram,Thiruvananthapuram,Thiruvananthapuram,
566,Kerala,Thrissur,Thrissur,Thrissur,
567,Kerala,Wayanad,Wayanad,Wayanad,
553,Lakshadweep,Lakshadweep District,Lakshadweep District,Lakshadweep District,
390,Madhya Pradesh,Anuppur,Anuppur,Anuppur,
391,Madhya Pradesh,Ashoknagar,Ashoknagar,Ashoknagar,
392,Madhya Pradesh,Balaghat,Balaghat,Balaghat,
393,Madhya Pradesh,Barwani,Barwani,Barwani,
394,Madhya Pradesh,Betul,Betul,Betul,
395,Madhya Pradesh,Bhind,Bhind,Bhind,
396,Madhya Pradesh,Bhopal,Bhopal,Bhopal,
397,Madhya Pradesh,Burhanpur,Burhanpur,Burhanpur,
398,Madhya Pradesh,Chhatarpur,Chhatarpur,Chhatarpur,
399,Madhya Pradesh,Chhindwara,Chhindwara,Chhindwara,
400,Madhya Pradesh,Damoh,Damoh,Damoh,
401,Madhya Pradesh,Datia,Datia,Datia,
402,Madhya Pradesh,Dewas,Dewas,Dewas,
403,Madhya Pradesh,Dhar,Dhar,Dhar,
404,Madhya Pradesh,Dindori,Dindori,Dindori,
405,Madhya Pradesh,,Khandwa (East Nimar),Khandwa (East Nimar),"new district code, only appears 2017 onwards"
406,Madhya Pradesh,Guna,Guna,Guna,
407,Madhya Pradesh,Gwalior,Gwalior,Gwalior,
408,Madhya Pradesh,Harda,Harda,Harda,
409,Madhya Pradesh,Narmadapuram,Narmadapuram,Narmadapuram,
410,Madhya Pradesh,Indore,Indore,Indore,
411,Madhya Pradesh,Jabalpur,Jabalpur,Jabalpur,
412,Madhya Pradesh,Jhabua,Jhabua,Jhabua,
413,Madhya Pradesh,Katni,Katni,Katni,
414,Madhya Pradesh,Khargone,Khargone (West Nimar),Khargone (West Nimar),name spelling changed between eras
415,Madhya Pradesh,Mandla,Mandla,Mandla,
416,Madhya Pradesh,Mandsaur,Mandsaur,Mandsaur,
417,Madhya Pradesh,Morena,Morena,Morena,
418,Madhya Pradesh,Narsinghpur,Narsimhapur,Narsimhapur,name spelling changed between eras
419,Madhya Pradesh,Neemuch,Neemuch,Neemuch,
420,Madhya Pradesh,Panna,Panna,Panna,
421,Madhya Pradesh,Raisen,Raisen,Raisen,
422,Madhya Pradesh,Rajgarh,Rajgarh,Rajgarh,
423,Madhya Pradesh,Ratlam,Ratlam,Ratlam,
424,Madhya Pradesh,Rewa,Rewa,Rewa,
425,Madhya Pradesh,Sagar,Sagar,Sagar,
426,Madhya Pradesh,Satna,Satna,Satna,
427,Madhya Pradesh,Sehore,Sehore,Sehore,
428,Madhya Pradesh,Seoni,Seoni,Seoni,
429,Madhya Pradesh,Shahdol,Shahdol,Shahdol,
430,Madhya Pradesh,Shajapur,Shajapur,Shajapur,
431,Madhya Pradesh,Sheopur,Sheopur,Sheopur,
432,Madhya Pradesh,Shivpuri,Shivpuri,Shivpuri,
433,Madhya Pradesh,Sidhi,Sidhi,Sidhi,
434,Madhya Pradesh,Tikamgarh,Tikamgarh,Tikamgarh,
435,Madhya Pradesh,Ujjain,Ujjain,Ujjain,
436,Madhya Pradesh,Umaria,Umaria,Umaria,
437,Madhya Pradesh,Vidisha,Vidisha,Vidisha,
638,Madhya Pradesh,Singrauli,Singrauli,Singrauli,
639,Madhya Pradesh,Alirajpur,Alirajpur,Alirajpur,
667,Madhya Pradesh,Agar Malwa,Agar-Malwa,Agar-Malwa,name spelling changed between eras
671,Madhya Pradesh,,Shahdara,Shahdara,"new district code, only appears 2017 onwards"
730,Madhya Pradesh,,Chengalpattu,Chengalpattu,"new district code, only appears 2017 onwards"
466,Maharashtra,Ahmednagar,Ahmednagar,Ahmednagar,
467,Maharashtra,Akola,Akola,Akola,
468,Maharashtra,Amravati,Amravati,Amravati,
469,Maharashtra,Aurangabad,Chhatrapati Sambhajinagar,Chhatrapati Sambhajinagar,name spelling changed between eras
470,Maharashtra,Beed,Beed,Beed,
471,Maharashtra,Bhandara,Bhandara,Bhandara,
472,Maharashtra,Buldhana,Buldhana,Buldhana,
473,Maharashtra,Chandrapur,Chandrapur,Chandrapur,
474,Maharashtra,Dhule,Dhule,Dhule,
475,Maharashtra,Gadchiroli,Gadchiroli,Gadchiroli,
476,Maharashtra,Gondia,Gondia,Gondia,
477,Maharashtra,Hingoli,Hingoli,Hingoli,
478,Maharashtra,Jalgaon,Jalgaon,Jalgaon,
479,Maharashtra,Jalna,Jalna,Jalna,
480,Maharashtra,Kolhapur,Kolhapur,Kolhapur,
481,Maharashtra,Latur,Latur,Latur,
482,Maharashtra,Mumbai,Mumbai,Mumbai,
483,Maharashtra,Mumbai Suburban,Mumbai Suburban,Mumbai Suburban,
484,Maharashtra,Nagpur,Nagpur,Nagpur,
485,Maharashtra,Nanded,Nanded,Nanded,
486,Maharashtra,Nandurbar,Nandurbar,Nandurbar,
487,Maharashtra,Nashik,Nashik,Nashik,
488,Maharashtra,Osmanabad,Dharashiv,Dharashiv,name spelling changed between eras
489,Maharashtra,Parbhani,Parbhani,Parbhani,
490,Maharashtra,Pune,Pune,Pune,
491,Maharashtra,Raigad,Raigad,Raigad,
492,Maharashtra,Ratnagiri,Ratnagiri,Ratnagiri,
493,Maharashtra,Sangli,Sangli,Sangli,
494,Maharashtra,Satara,Satara,Satara,
495,Maharashtra,Sindhudurg,Sindhudurg,Sindhudurg,
496,Maharashtra,Solapur,Solapur,Solapur,
497,Maharashtra,Thane,Thane,Thane,
498,Maharashtra,Wardha,Wardha,Wardha,
499,Maharashtra,Washim,Washim,Washim,
500,Maharashtra,Yavatmal,Yavatmal,Yavatmal,
665,Maharashtra,Palghar,Palghar,Palghar,
252,Manipur,Bishnupur,Bishnupur,Bishnupur,
253,Manipur,Chandel,Chandel,Chandel,
254,Manipur,Churachandpur,Churachandpur,Churachandpur,
255,Manipur,Imphal East,Imphal East,Imphal East,
256,Manipur,Imphal West,Imphal West,Imphal West,
257,Manipur,Senapati,Senapati,Senapati,
258,Manipur,Tamenglong,Tamenglong,Tamenglong,
259,Manipur,Thoubal,Thoubal,Thoubal,
260,Manipur,Ukhrul,Ukhrul,Ukhrul,
719,Manipur,,Lower Siang,Lower Siang,"new district code, only appears 2017 onwards"
720,Manipur,,Mulugu,Mulugu,"new district code, only appears 2017 onwards"
721,Manipur,,Narayanpet,Narayanpet,"new district code, only appears 2017 onwards"
722,Manipur,,Niwari,Niwari,"new district code, only appears 2017 onwards"
723,Manipur,,Pakke Kessang,Pakke Kessang,"new district code, only appears 2017 onwards"
724,Manipur,,Leparada,Leparada,"new district code, only appears 2017 onwards"
725,Manipur,,Shi Yomi,Shi Yomi,"new district code, only appears 2017 onwards"
273,Meghalaya,East Garo Hills,East Garo Hills,East Garo Hills,
274,Meghalaya,East Khasi Hills,East Khasi Hills,East Khasi Hills,
275,Meghalaya,West Jaintia Hills,West Jaintia Hills,West Jaintia Hills,
276,Meghalaya,Ri Bhoi,Ri Bhoi,Ri Bhoi,
277,Meghalaya,South Garo Hills,South Garo Hills,South Garo Hills,
278,Meghalaya,West Garo Hills,West Garo Hills,West Garo Hills,
279,Meghalaya,West Khasi Hills,West Khasi Hills,West Khasi Hills,
656,Meghalaya,North Garo Hills,North Garo Hills,North Garo Hills,
657,Meghalaya,East Jaintia Hills,East Jaintia Hills,East Jaintia Hills,
658,Meghalaya,South West Khasi Hills,South West Khasi Hills,South West Khasi Hills,
663,Meghalaya,South West Garo Hills,South West Garo Hills,South West Garo Hills,
750,Meghalaya,,Bapatla,Bapatla,"new district code, only appears 2017 onwards"
261,Mizoram,Aizawl,Aizawl,Aizawl,
262,Mizoram,Champhai,Champhai,Champhai,
263,Mizoram,Kolasib,Kolasib,Kolasib,
264,Mizoram,Lawngtlai,Lawngtlai,Lawngtlai,
265,Mizoram,Lunglei,Lunglei,Lunglei,
266,Mizoram,Mamit,Mamit,Mamit,
267,Mizoram,Saiha,Siaha,Siaha,name spelling changed between eras
268,Mizoram,Serchhip,Serchhip,Serchhip,
734,Mizoram,,Gaurela Pendra Marwahi,Gaurela Pendra Marwahi,"new district code, only appears 2017 onwards"
737,Mizoram,,Malerkotla,Malerkotla,"new district code, only appears 2017 onwards"
738,Mizoram,,Vijayanagar,Vijayanagar,"new district code, only appears 2017 onwards"
244,Nagaland,Dimapur,Dimapur,Dimapur,
245,Nagaland,Kohima,Kohima,Kohima,
246,Nagaland,Mokokchung,Mokokchung,Mokokchung,
247,Nagaland,Mon,Mon,Mon,
248,Nagaland,Phek,Phek,Phek,
249,Nagaland,Tuensang,Tuensang,Tuensang,
250,Nagaland,Wokha,Wokha,Wokha,
251,Nagaland,Zunheboto,Zunheboto,Zunheboto,
613,Nagaland,Peren,Peren,Peren,
614,Nagaland,Kiphire,Kiphire,Kiphire,
615,Nagaland,Longleng,Longleng,Longleng,
344,Odisha,Anugul,Anugul,Anugul,
345,Odisha,Balangir,Balangir,Balangir,
346,Odisha,Baleshwar,Baleshwar,Baleshwar,
347,Odisha,Bargarh,Bargarh,Bargarh,
348,Odisha,Bhadrak,Bhadrak,Bhadrak,
349,Odisha,Boudh,Boudh,Boudh,
350,Odisha,Cuttack,Cuttack,Cuttack,
351,Odisha,Deogarh,Deogarh,Deogarh,
352,Odisha,Dhenkanal,Dhenkanal,Dhenkanal,
353,Odisha,Gajapati,Gajapati,Gajapati,
354,Odisha,Ganjam,Ganjam,Ganjam,
355,Odisha,Jagatsinghapur,Jagatsinghapur,Jagatsinghapur,
356,Odisha,Jajapur,Jajapur,Jajapur,
357,Odisha,Jharsuguda,Jharsuguda,Jharsuguda,
358,Odisha,Kalahandi,Kalahandi,Kalahandi,
359,Odisha,Kandhamal,Kandhamal,Kandhamal,
360,Odisha,Kendrapara,Kendrapara,Kendrapara,
361,Odisha,Kendujhar,Kendujhar,Kendujhar,
362,Odisha,Khordha,Khordha,Khordha,
363,Odisha,Koraput,Koraput,Koraput,
364,Odisha,Malkangiri,Malkangiri,Malkangiri,
365,Odisha,Mayurbhanj,Mayurbhanj,Mayurbhanj,
366,Odisha,Nabarangpur,Nabarangpur,Nabarangpur,
367,Odisha,Nayagarh,Nayagarh,Nayagarh,
368,Odisha,Nuapada,Nuapada,Nuapada,
369,Odisha,Puri,Puri,Puri,
370,Odisha,Rayagada,Rayagada,Rayagada,
371,Odisha,Sambalpur,Sambalpur,Sambalpur,
372,Odisha,Sonepur,Sonepur,Sonepur,
373,Odisha,Sundargarh,Sundargarh,Sundargarh,
598,Puducherry,Karaikal,Karaikal,Karaikal,
600,Puducherry,Pondicherry,Pondicherry,Pondicherry,
27,Punjab,Amritsar,Amritsar,Amritsar,
28,Punjab,Bathinda,Bathinda,Bathinda,
29,Punjab,Faridkot,Faridkot,Faridkot,
30,Punjab,Fatehgarh Sahib,Fatehgarh Sahib,Fatehgarh Sahib,
31,Punjab,Ferozepur,Ferozepur,Ferozepur,
32,Punjab,Gurdaspur,Gurdaspur,Gurdaspur,
33,Punjab,Hoshiarpur,Hoshiarpur,Hoshiarpur,
34,Punjab,Jalandhar,Jalandhar,Jalandhar,
35,Punjab,Kapurthala,Kapurthala,Kapurthala,
36,Punjab,Ludhiana,Ludhiana,Ludhiana,
37,Punjab,Mansa,Mansa,Mansa,
38,Punjab,Moga,Moga,Moga,
39,Punjab,Sri Muktsar Sahib,Sri Muktsar Sahib,Sri Muktsar Sahib,
40,Punjab,Shahid Bhagat Singh Nagar,Shahid Bhagat Singh Nagar,Shahid Bhagat Singh Nagar,
41,Punjab,Patiala,Patiala,Patiala,
42,Punjab,Rupnagar,Rupnagar,Rupnagar,
43,Punjab,Sangrur,Sangrur,Sangrur,
605,Punjab,Barnala,Barnala,Barnala,
608,Punjab,S.A.S Nagar,S.A.S Nagar,S.A.S Nagar,
609,Punjab,Tarn Taran,Tarn Taran,Tarn Taran,
651,Punjab,Fazilka,Fazilka,Fazilka,
662,Punjab,Pathankot,Pathankot,Pathankot,
747,Punjab,,Konaseema,Konaseema,"new district code, only appears 2017 onwards"
86,Rajasthan,Ajmer,Ajmer,Ajmer,
87,Rajasthan,Alwar,Alwar,Alwar,
88,Rajasthan,Banswara,Banswara,Banswara,
89,Rajasthan,Baran,Baran,Baran,
90,Rajasthan,Barmer,Barmer,Barmer,
91,Rajasthan,Bharatpur,Bharatpur,Bharatpur,
92,Rajasthan,Bhilwara,Bhilwara,Bhilwara,
93,Rajasthan,Bikaner,Bikaner,Bikaner,
94,Rajasthan,Bundi,Bundi,Bundi,
95,Rajasthan,Chittorgarh,Chittorgarh,Chittorgarh,
96,Rajasthan,Churu,Churu,Churu,
97,Rajasthan,Dausa,Dausa,Dausa,
98,Rajasthan,Dholpur,Dholpur,Dholpur,
99,Rajasthan,Dungarpur,Dungarpur,Dungarpur,
100,Rajasthan,Ganganagar,Ganganagar,Ganganagar,
101,Rajasthan,Hanumangarh,Hanumangarh,Hanumangarh,
102,Rajasthan,Jaipur,Jaipur,Jaipur,
103,Rajasthan,Jaisalmer,Jaisalmer,Jaisalmer,
104,Rajasthan,Jalore,Jalore,Jalore,
105,Rajasthan,Jhalawar,Jhalawar,Jhalawar,
106,Rajasthan,Jhunjhunu,Jhunjhunu,Jhunjhunu,
107,Rajasthan,Jodhpur,Jodhpur,Jodhpur,
108,Rajasthan,Karauli,Karauli,Karauli,
109,Rajasthan,Kota,Kota,Kota,
110,Rajasthan,Nagaur,Nagaur,Nagaur,
111,Rajasthan,Pali,Pali,Pali,
112,Rajasthan,Rajsamand,Rajsamand,Rajsamand,
113,Rajasthan,Sawai Madhopur,Sawai Madhopur,Sawai Madhopur,
114,Rajasthan,Sikar,Sikar,Sikar,
115,Rajasthan,Sirohi,Sirohi,Sirohi,
116,Rajasthan,Tonk,Tonk,Tonk,
117,Rajasthan,Udaipur,Udaipur,Udaipur,
629,Rajasthan,Pratapgarh,Pratapgarh,Pratapgarh,
783,Rajasthan,Jaipur (Gramin),,Jaipur (Gramin),"code only in 2016 data, missing from 2017+ file"
225,Sikkim,Gangtok,Gangtok,Gangtok,
226,Sikkim,Mangan,Mangan,Mangan,
227,Sikkim,Namchi,Namchi,Namchi,
228,Sikkim,Gyalshing,Gyalshing,Gyalshing,
751,Sikkim,,Palnadu,Palnadu,"new district code, only appears 2017 onwards"
568,Tamil Nadu,Chennai,Chennai,Chennai,
569,Tamil Nadu,Coimbatore,Coimbatore,Coimbatore,
570,Tamil Nadu,Cuddalore,Cuddalore,Cuddalore,
571,Tamil Nadu,Dharmapuri,Dharmapuri,Dharmapuri,
572,Tamil Nadu,Dindigul,Dindigul,Dindigul,
573,Tamil Nadu,Erode,Erode,Erode,
574,Tamil Nadu,Kanchipuram,Kanchipuram,Kanchipuram,
575,Tamil Nadu,Kanniyakumari,Kanniyakumari,Kanniyakumari,
576,Tamil Nadu,Karur,Karur,Karur,
577,Tamil Nadu,Krishnagiri,Krishnagiri,Krishnagiri,
578,Tamil Nadu,Madurai,Madurai,Madurai,
579,Tamil Nadu,Nagapattinam,Nagapattinam,Nagapattinam,
580,Tamil Nadu,Namakkal,Namakkal,Namakkal,
581,Tamil Nadu,Perambalur,Perambalur,Perambalur,
582,Tamil Nadu,Pudukkottai,Pudukkottai,Pudukkottai,
583,Tamil Nadu,Ramanathapuram,Ramanathapuram,Ramanathapuram,
584,Tamil Nadu,Salem,Salem,Salem,
585,Tamil Nadu,Sivaganga,Sivaganga,Sivaganga,
586,Tamil Nadu,Thanjavur,Thanjavur,Thanjavur,
587,Tamil Nadu,The Nilgiris,The Nilgiris,The Nilgiris,
588,Tamil Nadu,Theni,Theni,Theni,
589,Tamil Nadu,Thiruvallur,Thiruvallur,Thiruvallur,
590,Tamil Nadu,Thiruvarur,Thiruvarur,Thiruvarur,
591,Tamil Nadu,Tiruchirappalli,Tiruchirappalli,Tiruchirappalli,
592,Tamil Nadu,Tirunelveli,Tirunelveli,Tirunelveli,
593,Tamil Nadu,Tiruvannamalai,Tiruvannamalai,Tiruvannamalai,
594,Tamil Nadu,Tuticorin,Tuticorin,Tuticorin,
595,Tamil Nadu,Vellore,Vellore,Vellore,
596,Tamil Nadu,Villupuram,Villupuram,Villupuram,
597,Tamil Nadu,Virudhunagar,Virudhunagar,Virudhunagar,
610,Tamil Nadu,Ariyalur,Ariyalur,Ariyalur,
634,Tamil Nadu,Tiruppur,Tiruppur,Tiruppur,
739,Tamil Nadu,,Bajali,Bajali,"new district code, only appears 2017 onwards"
740,Tamil Nadu,,Eastern West Khasi Hills,Eastern West Khasi Hills,"new district code, only appears 2017 onwards"
741,Tamil Nadu,,Pakyong,Pakyong,"new district code, only appears 2017 onwards"
742,Tamil Nadu,,Soreng,Soreng,"new district code, only appears 2017 onwards"
743,Tamil Nadu,,Parvathipuram Manyam,Parvathipuram Manyam,"new district code, only appears 2017 onwards"
501,Telangana,Adilabad,Adilabad,Adilabad,
507,Telangana,Hyderabad,Hyderabad,Hyderabad,
508,Telangana,Karimnagar,Karimnagar,Karimnagar,
509,Telangana,Khammam,Khammam,Khammam,
512,Telangana,Mahabubnagar,Mahabubnagar,Mahabubnagar,
513,Telangana,Medak,Medak,Medak,
514,Telangana,Nalgonda,Nalgonda,Nalgonda,
516,Telangana,Nizamabad,Nizamabad,Nizamabad,
518,Telangana,Ranga Reddy,,Ranga Reddy,"code only in 2016 data, missing from 2017+ file"
522,Telangana,Warangal,Warangal,Warangal,
685,Telangana,,Kamareddy,Kamareddy,"new district code, only appears 2017 onwards"
687,Telangana,,Jayashankar Bhupalapally,Jayashankar Bhupalapally,"new district code, only appears 2017 onwards"
688,Telangana,,Mahabubabad,Mahabubabad,"new district code, only appears 2017 onwards"
690,Telangana,,Bhadradri Kothagudem,Bhadradri Kothagudem,"new district code, only appears 2017 onwards"
692,Telangana,,Siddipet,Siddipet,"new district code, only appears 2017 onwards"
694,Telangana,,Nagarkurnool,Nagarkurnool,"new district code, only appears 2017 onwards"
695,Telangana,,Jogulamba Gadwal,Jogulamba Gadwal,"new district code, only appears 2017 onwards"
697,Telangana,,Yadadri Bhuvanagiri,Yadadri Bhuvanagiri,"new district code, only appears 2017 onwards"
698,Telangana,,Vikarabad,Vikarabad,"new district code, only appears 2017 onwards"
699,Telangana,,Kumuram Bheem Asifabad,Kumuram Bheem Asifabad,"new district code, only appears 2017 onwards"
701,Telangana,,Charki Dadri,Charki Dadri,"new district code, only appears 2017 onwards"
702,Telangana,,Kalimpong,Kalimpong,"new district code, only appears 2017 onwards"
728,Telangana,,Khawzawl,Khawzawl,"new district code, only appears 2017 onwards"
729,Telangana,,Kallakurichi,Kallakurichi,"new district code, only appears 2017 onwards"
463,The Dadra And Nagar Haveli And Daman And Diu,Daman,Daman,Daman,
464,The Dadra And Nagar Haveli And Daman And Diu,Diu,Diu,Diu,
465,The Dadra And Nagar Haveli And Daman And Diu,Dadra And Nagar Haveli,Dadra And Nagar Haveli,Dadra And Nagar Haveli,
269,Tripura,Dhalai,Dhalai,Dhalai,
270,Tripura,North Tripura,North Tripura,North Tripura,
271,Tripura,South Tripura,South Tripura,South Tripura,
272,Tripura,West Tripura,West Tripura,West Tripura,
652,Tripura,Khowai,Khowai,Khowai,
653,Tripura,Sepahijala,,Sepahijala,"code only in 2016 data, missing from 2017+ file"
654,Tripura,Gomati,Gomati,Gomati,
655,Tripura,Unakoti,Unakoti,Unakoti,
118,Uttar Pradesh,Agra,Agra,Agra,
119,Uttar Pradesh,Aligarh,Aligarh,Aligarh,
120,Uttar Pradesh,Prayagraj,Prayagraj,Prayagraj,
121,Uttar Pradesh,Ambedkar Nagar,Ambedkar Nagar,Ambedkar Nagar,
122,Uttar Pradesh,Auraiya,Auraiya,Auraiya,
123,Uttar Pradesh,Azamgarh,Azamgarh,Azamgarh,
124,Uttar Pradesh,Baghpat,Baghpat,Baghpat,
125,Uttar Pradesh,Bahraich,Bahraich,Bahraich,
126,Uttar Pradesh,Ballia,Ballia,Ballia,
127,Uttar Pradesh,Balrampur,Balrampur,Balrampur,
128,Uttar Pradesh,Banda,Banda,Banda,
129,Uttar Pradesh,Barabanki,Bara Banki,Bara Banki,name spelling changed between eras
130,Uttar Pradesh,Bareilly,Bareilly,Bareilly,
131,Uttar Pradesh,Basti,Basti,Basti,
132,Uttar Pradesh,Bijnor,Bijnor,Bijnor,
133,Uttar Pradesh,Budaun,Budaun,Budaun,
134,Uttar Pradesh,Bulandshahr,Bulandshahr,Bulandshahr,
135,Uttar Pradesh,Chandauli,Chandauli,Chandauli,
136,Uttar Pradesh,Chitrakoot,Chitrakoot,Chitrakoot,
137,Uttar Pradesh,Deoria,Deoria,Deoria,
138,Uttar Pradesh,Etah,Etah,Etah,
139,Uttar Pradesh,Etawah,Etawah,Etawah,
140,Uttar Pradesh,Ayodhya,Ayodhya,Ayodhya,
141,Uttar Pradesh,Farrukhabad,Farrukhabad,Farrukhabad,
142,Uttar Pradesh,Fatehpur,Fatehpur,Fatehpur,
143,Uttar Pradesh,Firozabad,Firozabad,Firozabad,
144,Uttar Pradesh,Gautam Buddha Nagar,Gautam Buddha Nagar,Gautam Buddha Nagar,
145,Uttar Pradesh,Ghaziabad,Ghaziabad,Ghaziabad,
146,Uttar Pradesh,Ghazipur,Ghazipur,Ghazipur,
147,Uttar Pradesh,Gonda,Gonda,Gonda,
148,Uttar Pradesh,Gorakhpur,Gorakhpur,Gorakhpur,
149,Uttar Pradesh,Hamirpur,Hamirpur,Hamirpur,
150,Uttar Pradesh,Hardoi,Hardoi,Hardoi,
151,Uttar Pradesh,Jalaun,Jalaun,Jalaun,
152,Uttar Pradesh,Jaunpur,Jaunpur,Jaunpur,
153,Uttar Pradesh,Jhansi,Jhansi,Jhansi,
154,Uttar Pradesh,Amroha,Amroha,Amroha,
155,Uttar Pradesh,Kannauj,Kannauj,Kannauj,
156,Uttar Pradesh,Kanpur Dehat,Kanpur Dehat,Kanpur Dehat,
157,Uttar Pradesh,Kanpur Nagar,Kanpur Nagar,Kanpur Nagar,
158,Uttar Pradesh,Kaushambi,Kaushambi,Kaushambi,
159,Uttar Pradesh,Kheri,Kheri,Kheri,
160,Uttar Pradesh,Kushi Nagar,Kushinagar,Kushinagar,name spelling changed between eras
161,Uttar Pradesh,Lalitpur,Lalitpur,Lalitpur,
162,Uttar Pradesh,Lucknow,Lucknow,Lucknow,
163,Uttar Pradesh,Hathras,Hathras,Hathras,
164,Uttar Pradesh,Maharajganj,Mahrajganj,Mahrajganj,name spelling changed between eras
165,Uttar Pradesh,Mahoba,Mahoba,Mahoba,
166,Uttar Pradesh,Mainpuri,Mainpuri,Mainpuri,
167,Uttar Pradesh,Mathura,Mathura,Mathura,
168,Uttar Pradesh,Mau,Mau,Mau,
169,Uttar Pradesh,Meerut,Meerut,Meerut,
170,Uttar Pradesh,Mirzapur,Mirzapur,Mirzapur,
171,Uttar Pradesh,Moradabad,Moradabad,Moradabad,
172,Uttar Pradesh,Muzaffarnagar,Muzaffarnagar,Muzaffarnagar,
173,Uttar Pradesh,Pilibhit,Pilibhit,Pilibhit,
174,Uttar Pradesh,Pratapgarh,Pratapgarh,Pratapgarh,
175,Uttar Pradesh,Rae Bareli,Rae Bareli,Rae Bareli,
176,Uttar Pradesh,Rampur,Rampur,Rampur,
177,Uttar Pradesh,Saharanpur,Saharanpur,Saharanpur,
178,Uttar Pradesh,Sant Kabeer Nagar,Sant Kabir Nagar,Sant Kabir Nagar,name spelling changed between eras
179,Uttar Pradesh,Bhadohi,Bhadohi,Bhadohi,
180,Uttar Pradesh,Shahjahanpur,Shahjahanpur,Shahjahanpur,
181,Uttar Pradesh,Shravasti,Shrawasti,Shrawasti,name spelling changed between eras
182,Uttar Pradesh,Siddharth Nagar,Siddharthnagar,Siddharthnagar,name spelling changed between eras
183,Uttar Pradesh,Sitapur,Sitapur,Sitapur,
184,Uttar Pradesh,Sonbhadra,Sonbhadra,Sonbhadra,
185,Uttar Pradesh,Sultanpur,Sultanpur,Sultanpur,
186,Uttar Pradesh,Unnao,Unnao,Unnao,
187,Uttar Pradesh,Varanasi,Varanasi,Varanasi,
633,Uttar Pradesh,Kasganj,Kasganj,Kasganj,
640,Uttar Pradesh,Amethi,Amethi,Amethi,
659,Uttar Pradesh,Sambhal,Sambhal,Sambhal,
660,Uttar Pradesh,Shamli,Shamli,Shamli,
661,Uttar Pradesh,Hapur,Hapur,Hapur,
45,Uttarakhand,Almora,Almora,Almora,
46,Uttarakhand,Bageshwar,Bageshwar,Bageshwar,
47,Uttarakhand,Chamoli,Chamoli,Chamoli,
48,Uttarakhand,Champawat,Champawat,Champawat,
49,Uttarakhand,Dehradun,Dehradun,Dehradun,
50,Uttarakhand,Haridwar,Haridwar,Haridwar,
51,Uttarakhand,Nainital,Nainital,Nainital,
52,Uttarakhand,Pauri Garhwal,Pauri Garhwal,Pauri Garhwal,
53,Uttarakhand,Pithoragarh,Pithoragarh,Pithoragarh,
54,Uttarakhand,Rudra Prayag,Rudra Prayag,Rudra Prayag,
55,Uttarakhand,Tehri Garhwal,Tehri Garhwal,Tehri Garhwal,
56,Uttarakhand,Udam Singh Nagar,Udam Singh Nagar,Udam Singh Nagar,
57,Uttarakhand,Uttar Kashi,Uttar Kashi,Uttar Kashi,
303,West Bengal,24 Paraganas North,North 24 Parganas,North 24 Parganas,name spelling changed between eras
304,West Bengal,24 Paraganas South,South 24 Parganas,South 24 Parganas,name spelling changed between eras
305,West Bengal,Bankura,Bankura,Bankura,
306,West Bengal,Purba Bardhaman,Purba Bardhaman,Purba Bardhaman,
307,West Bengal,Birbhum,Birbhum,Birbhum,
308,West Bengal,Coochbehar,Cooch Behar,Cooch Behar,name spelling changed between eras
309,West Bengal,Darjeeling,Darjeeling,Darjeeling,
310,West Bengal,Dinajpur Dakshin,Dakshin Dinajpur,Dakshin Dinajpur,name spelling changed between eras
311,West Bengal,Dinajpur Uttar,Uttar Dinajpur,Uttar Dinajpur,name spelling changed between eras
312,West Bengal,Hooghly,Hooghly,Hooghly,
313,West Bengal,Howrah,Howrah,Howrah,
314,West Bengal,Jalpaiguri,Jalpaiguri,Jalpaiguri,
315,West Bengal,Kolkata,Kolkata,Kolkata,
316,West Bengal,Maldah,Malda,Malda,name spelling changed between eras
317,West Bengal,Medinipur East,Purba Medinipur,Purba Medinipur,name spelling changed between eras
318,West Bengal,Medinipur West,Paschim Medinipur,Paschim Medinipur,name spelling changed between eras
319,West Bengal,Murshidabad,Murshidabad,Murshidabad,
320,West Bengal,Nadia,Nadia,Nadia,
321,West Bengal,Purulia,Purulia,Purulia,
664,West Bengal,Alipurduar,Alipurduar,Alipurduar,
703,West Bengal,Jhargram,Jhargram,Jhargram,
704,West Bengal,Paschim Bardhaman,Paschim Bardhaman,Paschim Bardhaman,
711,West Bengal,,Kakching,Kakching,"new district code, only appears 2017 onwards"
712,West Bengal,,Kangpokpi,Kangpokpi,"new district code, only appears 2017 onwards"
691,,,Sangareddy,Sangareddy,"new district code, only appears 2017 onwards"
693,,,Wanaparthy,Wanaparthy,"new district code, only appears 2017 onwards"
696,,,Suryapet,Suryapet,"new district code, only appears 2017 onwards"
745,,,Alluri Sitharama Raju,Alluri Sitharama Raju,"new district code, only appears 2017 onwards"
746,,,Kakinada,Kakinada,"new district code, only appears 2017 onwards"
